<?xml version="1.0" encoding="UTF-8"?>
<blueprint 
	xmlns="http://www.osgi.org/xmlns/blueprint/v1.0.0" 
	xmlns:xsi="http://www.w3.org/2001/XMLSchema-instance" 
	xmlns:cm="http://aries.apache.org/blueprint/xmlns/blueprint-cm/v1.1.0" 
	xsi:schemaLocation="
		http://www.osgi.org/xmlns/blueprint/v1.0.0 http://www.osgi.org/xmlns/blueprint/v1.0.0/blueprint.xsd 
		http://aries.apache.org/blueprint/xmlns/blueprint-cm/v1.1.0 http://aries.apache.org/schemas/blueprint-cm/blueprint-cm-1.1.0.xsd ">

  <cm:property-placeholder persistent-id="KarafTraining1" update-strategy="reload">
    <cm:default-properties>
      <cm:property name="message" value="Hello Stockholms Universitet" />
    </cm:default-properties>
  </cm:property-placeholder>

  <camelContext id="blueprint-camel-context" xmlns="http://camel.apache.org/schema/blueprint">
      <route id="timerToLog">
      <from uri="timer:foo?period=5000"/>
      <setBody>
          <simple>Message is: {{message}}</simple>
      </setBody>
      <log message="${body}"/>
    </route>
  </camelContext>

</blueprint>
